idx,table_truncated,reference,pred_1 (deterministic),pred_1_faithfulness (0-5),pred_2 (sampled),pred_2_faithfulness (0-5),pred_3 (sampled),pred_3_faithfulness (0-5),notes
0,"# : 76 | Took Office : Daniel Henry Chamberlain | Left Office : December 1, 1874...",Daniel Henry Chamberlain was the 76th Governor of South Carolina from 1874.,"Daniel 6lain, the head of of the British Army,, was the commander of 76, the rank of the Army, in 1874, and left office office December  1,1874. On 11 December 1, 1874, Daniel 6lain was appointed to the rank of the76, the rank of the Army, and the head of the Army. In 1875, Daniel 6lain became the head of the U.S...",,"The Chamberlain family, which included the 76th Daniel Henry wholain took office on December 1 11 11874, left left office on December 11 11 18874, or 11 11 18874, or 11 11 18874. 16 Henry Chamberlainlain left office on December 11 11 18874, or 11 11 18874.",,"Daniel Henry 76 was the  of of the of the of, who left office on December 1, 1874, as the  of of the of of the of of the of the of the of the of of the of of the of the of the of the the of the of the the of the of the the of the the of the the the the of the the of the the the the the the the the the the the the the the the the the the the the the the the the the.",,
1,Year : 2016 | Title : Kids in Love | Role : Evelyn...,Alma Jodorowsky had the role of Evelyn in 2016 film Kids in Love.,"Eynyn Lovejoy a role role in the in in Love film22, 22, 22, 22, 22, 22, 22, 22, 22, 22, 22, 22, 22, 22, 22, 22, 22, 22, 22, 22, 22, 22, 22, 22, 22,22",,"Evelyn Love is a role in the film ""Kids in Love,"" which was released in 2016, starring the characters of, and,, and, and,, and,, and,,,, and, and, and, and, and,, and,, and, and, and, and, and, and, and, and, and, and, and, and, and, and, and, and, and, and, and, and, and, and, and, and, and, and, and, and.",,Theynyn Lovejoy theynyn theynynynynynynynynynynynynynynynynynynynynynynynynynynynynynynynynynynynynynynynynynynynynynynynynynynynynynynynynynynynynynynynynynynynynynynynynynynynynynynynynynynynynynynynynynynynynynynynynynynynynynynynynynynynynynynyn,,
2,TOTAL : 119...,"In his rookie season, Hawk led with 119 total tackles.","The total score 1, 1, 1, 1, 1, 1, 1, 1, 1, 1, 1, 1, 1, 1, 1, 1, 1, 1, 1, 1, 1, 1, 1, 1, 1, 1, 1, 1, 1, 1, 1, 1, 1, 1, 1, 1, 1, scored.",,"The sequence of the numbers 0, 0,1,1,2,2,2, 3, 3, 4, 5, 5, 6, 6, 7, 7, 8, 9, 9, 9, 10, 10, 11, 11, 12, 12, 13, 13, 13, 14, 14, 15, 15, totals 19.",,"The total number of primes numbers the numbers 1, 2, 3, 4, 6, 8, 9, 100, 11, 12, 13, 14, 15, 16, 17, 18, 19, 20, 21, 23, 29, 31, 37, 41, 43, 47, 53, 53, 69.",,
3,Name : Peter II the Simple (Pêr II) 1450–1457 | Name : Arthur III the Justicier (Arzhur III) 1457–1458 | Death : 26 December 1458 Nantes aged 65...,"At the very end of his life, Arthur III became duke of Brittany, succeeding Peter II.","Peter II the the Simple (Pêr II) was a  of the House of II, 1450–1457, and was the of the House of of III, 1457–1458, and Arthur III the the Justicier (Arzhur III) was the of the House of III, 1457–1458, and died 26 December 1458 Nantes of 65.",,"Peter II the the Simple (Pêr II) was a king of Portugal 1450–1457, while Arthur III the Justicier (Arzhur III) was a king of Spain 1457–1458. Peter II II II II passed away on December 24, 1458, at the age of 63, and Arthur Arzhic III passed away on December 2, 1458 in Nantes at the age of 65.",,"Arthur II II the Justicier (Arzhur III) 1457–1148 (also known as III 1457–1458) was born on the day 1 II1457, like Peterr II (Pêr II) 1450–1457, who was born on the day 1 II1450. He was at at 5 65 and passed away on 26 December 1468..",,
4,Speaker : Ralph J. Parker...,Ralph J. Parker was a Minnesota politician and a Speaker of the Minnesota House of Representatives.,"Ralph J. Parker was a prominent figure in the United of America, the United States the, and the United Kingdom, and the the United of the the United, the the United, the United, the United United United United United United United United United United United United United United United United United United United United United United United United United United United United United United United United United United United United United United United United United United United United United United United United United United United United United United United United United United United United United United United United United United United United United United United United United United United United United United United.",,"Ralph J. Parker is the Vice Speaker of the House of the United States, serving as from the 11th Amendment 11th to  11th Amendment 11st to 11th Amendment 11st to 11th Amendment 11st to 11th Amendment 11st to 11th Amendment 11st to 11th Amendment 11st to 11th Amendment 11st to 11th Amendment 11st to 11th Amendment.",,"Ralph J. Parker was a prominent figure in the United of America, including the United of the United,, United Kingdom, the United States United States, United Kingdom, United United Kingdom United Kingdom, United United Kingdom United Kingdom, United United Kingdom United United Kingdom, United United Kingdom, United United Kingdom, United United Kingdom United United Kingdom, United United Kingdom, United United Kingdom, United United Kingdom, United United Kingdom, United United Kingdom, United United Kingdom, United United Kingdom, United United Kingdom, United United Kingdom, United United Kingdom, United United Kingdom, United United Kingdom United United United.",,
5,Year : 2016 | Host City : Da Nang | Host Nation : Vietnam | Start Date : 24 September | End Date : 3 October | Year : 2020 | Host City : Sanya | Host Nation : China...,"The last Asian Beach Games was held in Danang, Vietnam from 24 September to 3 October 2016, while the next will be held in 2020 in Sanya, China, the first to breakaway from the 2-year cycle.","The 2016-2020 Vietnam2020 World Music Festival, held in Da Nang in Da, Vietnam, began on September 24th, 2016, and 3th in 2010, with the 2020 World Music Festival, held in Sanya, China, running on April 10th, 2008, to October 10th, 200...",,"The 2016 Vietnam Festival (Knam' Festivalung 101) was held in Da Nang, Vietnam, starting on September 24th, 2016 and on October 3rd. In 2020, the 2018 Vietnam Festival (Knam' Festivalung 101) was held in Sanya, China, starting on October 1th, 2020 and ending October 3rd.",,"In 2001, the V Film and Film Festival was held in Da Nang,, Vietnam, on September 24th to October 3rd,  the same year, in 2016, and in 2020, the same year was held in Sanya, China, on  20th to October 1st.  The 2016 V Film and Film Festival took place on  1 September 20th, 2016.
.",,
6,Year : 2012 | Title : Person of Interest | Role : Alistair Wesley | Notes : Episode: Critical...,"In 2012, Julian Sands played as Alistair Wesley in the episode of the Person of Interest.","The 122nd episode of the show of 2012, "" of of Interest,"" featured Alistairair Wesley played the role of the Sir,,,Person,,,,,,,,,,,,,,,,,,,,,,,,,,,,,,,,,,,,,,,,,,,,,,,,,,,,,,,,,,,,,,,,,,,,,,Person,,Person,Person, Person.",,"A 222nd episode is, and, and, and, and,,, and, and,, and,,, and,,, and, and,, and,, and,, and, and,,, and,, and,, and,,, and, and and, and, and, and, and and, and, and, and, and, and, and, and, and, and, and, and, and, and, and, and, and, and, and, and, and, and.",,"The 2021 episode of the Person of the Week series, Alistair Wesley, the role of the show person, is a critical episode. The Person of the Week series, which aired in one of the seasons 2012, 2013, and 2014, features a series of interviews and interviews with all the members of of the week. the person of interest that the series has appeared in in the seasons 2021, 2012, 2012.",,
7,Year : 2005 | Title : Coach Carter | Role : Dominique...,"In 2005, Adrienne Bailon starred in Coach Carter as Dominique.","In 220,,,000,0,,0,000,,,0,000,,00,000,,,0,000,,00,000,,00,000,,00,000,,00,000,,00,000,,00,000,000 episodes, Coach Carter played the role role in the TV show Coach.C..
.",,"In  2005, the Carter Carter's role as Dominique was portrayed in a movie titled titled ""The Coach of the Show"" (The, Coach,,of,ofthe,of,of,of,of,,the,of,,the,of,of,of,of,of,of,of,of,of,of,of,of,of,of,of,of,of,of,of,of,of,of,of,of,of Show).",,"Coach Carter 2005 is a role in the television series Comedy, Drama, Drama, TV, TV, TV, TV, TV, TV, TV, TV, TV, TV, TV, TV, TV, TV, TV, TV, TV, TV, TV, TV, TV, TV, TV, TV, TV, TV, TV, TV, TV, TV, TV, TV, TV, TV, TV, TV, TV, TV, TV, TV, TV, TV, TV, TV, TV, TV, TV, TV, TV.",,
8,Name : John L. Estrada...,John Learie Estrada is the United States Ambassador to Trinidad and Tobago.,"John L. Estrada is a British actor who for for the role in the film ""The James, which"" was released in 1997. He born on 1, 1, 1940, and died on 1, 1, 1997. He was a for the actor of the film ""The James, which.. He was born on 1, 1, 1940, and died on 1, 1, 1997..
.",,"John L. Estrada was a Mexican American actor, director,, and,,, and,,, and,,, and,,, and,,, and,,, and,,, and,,, and, ,, and,,, and,,, and, ,, and, ,, and, ,, and, ,, and, ,, and, ,, and, ,, and, ,, and, ,, and, ,, and, ,, and, ,, and, ,, and, ,, and, ,, and, ,",,"John L. Estrada was a retired American lawyer, actor,, director, and, later, attorney,,, actor,,,,,,,,,,,,,,,,,,,,,,,,,,,,,,,,,,,,,,,,,,,,,,,,,,,,,,,,,,,,,,,,,,,,,,,,,,,,,,,,,,,,,,,,, director, and lawyer.",,
9,GP : 32 | RPG : 4.8 | APG : 2.3 | PPG : 23.5...,"Trey Johnson averaged 23.5 points, 4.8 rebounds, and 2.3 assists in 32 games.","The table provides the Gameplay, Name, Age, GP,, RPG,, AP,, and PG, for the game of the series RPG. The table is,, RPG,,, RPG,,, RPG,,, RPG,,, Name,,, Age,, RPG,,, RPG,,, RPG,,, RPG,,, RPG,,, RPG,,, RPG,,, RPG,,, RPG,,, RPG,,, RPG,,, RPG,,, RPG,,, RPG, ,, RPG,.",,"The statistics for the year of team, released in 2019, were:  32, 2017, 3,  32, 2019, 3,  32, 2019, 3,  32, 2019, 3,  32, 2019, 3,  32, 2019, 3,  32, 2019, 3.",,"The  ,,,PG,,,,,PG,,PG,,,,,PG,,,,,,,,,,,,,,,,,,,,,,,,,,,,,,,,,,,,,,,,,,,,,,,,,PG,,,,PG,,,,,,,,,,,,,,,,,,,,,,,,,,,,,,,,,,PG,,,PG,",,
10,Argentine films of 1950 : Don Fulgencio...,"""Don Fulgencio"" is a 1950 Argentinian film.","Don Fulgencioio, a  film film film film film film film film film film film film film film film film film film film film film film film film film film film film film film film film film film film film film film film film film film film film film film film film film film film film film film film film film film film film film film film film film film film film film film film film film film film film film film film film film film film film film film film film film film film film film film film film film film film film film film film film film film film film film",,"Don Fulgencioio (Donencio) is one of the most notable Argentine films of 1950, directed by Francis Ardola and and starring by John Campbell, in 1950, 1951, 1957, and 1958, and 1969. The film was the first title, and Francis Ardola was responsible in 1950, 1951, 1957, and 1959.",,Don Fulgencioio is a film film film film film film film film film film film film film film film film film film film film film film film film film film film film film film film film film film film film film film film film film film film film film film film film film film film film film film film film film film film film film film film film film film film film film film film film film film film film film film film film film film film film film film film film film film film film film film film film film film film film film film film film film film film film film,,
11,Date : 1956 | Bowl : Sun Bowl | Opponent : Texas Western | Result : W 13–0...,"In 1956, George Washington Colonials scored 13–0 against Texas Western at the Sun Bowl.","The 1966 Sun Bowl was held at the University of, Texas, Texas,, and the opponent, Texas Western, was defeated, Texas, with the team winning a 13–0. The Bowl was a of the most Bowl of football games in the United States and, in fact, the most Bowl of football games in the world.. The game was held at the University of, Texas, Texas, U, Texas, Texas, Texas,, Texas, Texas, Texas, Texas, U,.S...",,"The 1960 Sun Bowl, held in the University, Oklahoma, and Texas,, was the first West Bowl Bowl Bowl, and Texas, the first Bowl Western Bowl. Oklahoma, won it of the 1360s Bowl, and the 1970s Bowl, and the 1980s Bowl, and the 1990s Bowl, and the19900s Bowl, and the 19901s Bowl. with won 13–0.",,"The 1966 Sun Bowl was also known as the University of West Bowl, was played by the University of Texas, Austin, and the Cowboys, and was won with 113 by the University,, Austin the 13 by the Cowboys,. The  1966 Sun Bowl was played by the  University of Texas6, Austin Austin, and the Cowboys, and was won in 1966, was Austin with 113 by the University, Austin the 13 by0..",,
12,Year : 1990 | Title : Silent Scream | Award : Silver Bear | Category : Best Actor | Result : Won...,"In 1990, Glen won the Silver Bear for the Best Actor in the Silent Scream.","The  Scream, a silent1900 film directed by by Frank Spielberg, and starring by Richard, was the first film to win the the Silver Bear Best Best Actor and Best Actor Best Best Best Actor Best Best Best Actor Best Best Best Actor Best Best Actor Best Best Best Actor, Best Actor Best Best Best Actor Best Best Best Actor, Best Actor Best Best Best Actor Best Best Best Actor, Best Actor Best Best Best Actor Best Best Best Actor, Best Actor Best Best Best Actor Best Best Best Best Actor, Best Actor Best Best Best Actor Best Best Best Actor.",,"Silent9cream000 is a silver award in 1999 film, The film's silent Scream0000, directed by , ,,,, ,,,, ,, ,,,,, ,,,,, ,,, , ,, and , by , , , , , , , , , , , , ,, , , , , , , , , , , , , , , , , , , , , , , , , , , , , , , , , , , , , , Award.",,"Sil  Scream000 is a 1190 horror film directed by Steven Spielberg, and written by the author,, starring by, Spielberg,,,, and, Spielberg,, and produced by by, Spielberg, Spielberg, and, Spielberg Spielberg, and Spielberg, and Spielberg, and Spielberg, Spielberg, Spielberg Spielberg, and Spielberg, Spielberg, Spielberg Spielberg, Spielberg Spielberg Spielberg, Spielberg Spielberg Spielberg Spielberg, Spielberg Spielberg Spielberg Spielberg Spielberg won won Award for Best Actor in 1990.",,
13,"Date : Total | Attendance : 346,021 / 384,951 (90%) | Revenue : $43,563,050...","The Shania: Still the One grossed over $43 million from a total of 346,021.","The 2018 NBA season, with total attendance of 346,021 / 384,951 (90%), revenue of $43,563,050, was the 5 in the NBA NBA Championship, the NBA Championship, and the NBA Finals. This season saw the NBA of the Year, the NBA Finals in the Finals, and and the NBA Warriors in the Finals..",,"The 2018 NFL season season officially ended with a a total of 1,346,021, with an384,951 players,,90 90% of the total, and a $41,363,050 in revenue. The season ended with with a total of  attendance of 1,346,021 players, 90 90% of the total, and a revenue of $43,563,050.",,"The 2019 NFL season started January, January, February, March, March, April, April, April, April, April, April, April, April, April, October, October, October, October, October, October, November, November, November, November, November, November, November, November, November, November, November, November, November, November, November, November, November, November, November, November, November, November, November, November, November, November, November, November, November, November, November.",,
14,Team : Super Aguri Fernandez Racing | Rank : 14th | Year : 2005 | Team : Super Aguri Fernandez Racing | 14 : SNM 6 | 16 : WGL 6 | Rank : 14th...,"In 2005, Kosuke Matsuura again drove for Super Aguri Fernandez Racing, and again finished 14th with a best place finish of 6th in the two races.","Super Super Aguri Fernandez Racing, a Formula 1 team based in Valencia, Spain, finished in 14th in 2005 Formula 1 World Championship (SNM 6), and 14th Formula 1 World Championship (WGL 6), with  14th place in the 2005 Formula 1 World Championship (SNM 6) and 14th Formula 1 (WGL 6).",,"Super Aguriuri Fernandez Racing is a professional racing team that competed in the Formula 1 and Formula Formula 6. The Formula 1 position for Super Aguriuri Fernandez Racing is  40th place and the Formula Formula Formula 6 position was 14: SNM 6. The team won the Formula Formula Formula Formula 6 title in 2005, driving the Formula Formula Formula Formula 6 and 16: WGL 6. The, the Formula Formula Formula Formula 6 position is 14th place.",,"Super Super Aguri Fernandez Racing, a Formula 1 team based in Valencia, Spain, finished in 14th in 2005 Formula 1 World Championship (SNM 6), with a 14th in Formula 1 Grand Prix (WGL 6) and a 16th in Formula 1 Grand Prix (WGL 6). This is the team with 14 14 6 in 200 and  1 6 in 2005.",,
15,Nuclide : 131 I | Nuclide : 134 Cs | Nuclide : 137 Cs...,"The Iodine-131, Caesium-134 and Caesium-137 were released from the Fukushima Daiichi nuclear disaster.",The 1131 (11111113111111111111111111111111111111111111111111111111111111111111111111111111111111111111 isclide is 137 Cs.,,"The 111 Cs is131 I, the 134 Cs is137 Cs and the 137 Cs is131 I, and the 131 Cs is131 I, the 136 Cs is131 I, the 137 Cs is131 I, the 138 Cs is131 I, the 141 Cs is131 I and the 151 Cs is131 I.",,"1 31 I is a radioactive iod element,  is134 Cs is a radioactive carbon element, and 1337 is a radioactive silicon element. 131 I is a radioactive Iod element,, 134 Cs is a radioactive carbon element element, and 137 Cs is a radioactive silicon element element. 131 I is a radioactive Iod element, 134 Cs is a radioactive carbon element element, and 137 Cs is a radioactive silicon element element.",,
16,Year : 2014 | Award : 41st Daytime Creative Arts Emmy Awards | Category : Outstanding Original Song – Main Title and Promo...,"In 2014, the PAW Patrol theme song was nominated for Outstanding Original Song – Main Title and Promo in the 41st Daytime Creative Arts Emmy Awards.","On  20th4, the 411st Daytime Creative Arts Emmy Awards was the the the  of the  the  the the  the the the  the the the  the the the  the the the  the the the  the the the  the the the  the the the  the the the  the the the  the the the  the the the  the the the  the the the  the the the  the the the  the the the  the the the  the the the  the the the  the the the",,"In  2014, the Daytime Creative Arts category of Emmy Awards ceremony Awards the 41st winner with the Outstanding Original Outstanding Original and Promo title for the recording the song ""The Fall"" ("" by the band,,, ,, ,,,The, ,, ,, ,, ,, ,, ,, ,, ,, ,, ,, ,, ,, ,, ,, ,, ,, ,, ,, ,, ,, , , , ,.",,"On  20th January, in the Daytime Creative Arts Emmy Awards, the 41st award was the Outstanding Original Original Song – Main Title and Promo, with the song ""The Experience"" (""""""""""""''"" ("""""""""""""""""")"""""""""""""" ("""""""""""""""""""""""""""""""" ("""""""""""""""""""""""""""""""" ("""""""""""""""""""""""""""""""" ("""""""""""""""""""""""""""""""" ("""""""""""""""""""""""""""""""""""" ("""""") being the winner.",,
17,Party : Social Democratic Party | Seats : 81 | Party : Centre Party | Seats : 100 | Seats : 397...,"The Centre Party won 100 of the 397 seats, while the Social Democratic Party (SPD) won 81.","The 2 Party system in the UK, where the Social Democratic Party is seats, has a significant number of seats, with seats seats seats seats seats seats seats seats seats seats seats seats seats seats seats seats seats seats seats seats seats seats seats seats seats seats seats seats seats seats seats seats seats seats seats seats seats seats seats seats seats seats seats seats seats seats seats seats seats seats seats seats seats seats seats seats seats seats seats seats seats seats seats seats seats seats seats seats seats seats seats seats seats seats seats seats seats seats seats seats seats seats seats seats seats seats seats seats seats seats seats seats seats seats seats seats",,"The 2019 UK election seats seats seats saw the Social Democratic Party with 81 seats seats, the Centre Party with 100 seats seats seats seats and 397 seats seats seats seats seats seats seats seats seats seats seats seats seats seats seats seats seats seats seats seats seats seats seats seats seats seats seats seats seats seats seats seats seats seats seats seats seats seats seats seats seats seats seats seats seats seats seats seats seats seats seats seats seats seats seats seats seats seats seats seats seats seats seats seats seats seats seats seats seats seats seats seats seats seats seats seats seats seats seats seats",,"The 2010 Australian federal election saw significant participation, with Social Democratic Party receiving 81 seats, Centre Party with 100 seats, and the majority with 397 seats. the Social Party was led by the Greens, Party,,, and the Coalition Party Party, and the Centre Party was led by the Party,, and and the Liberal Party,, and the majority was led by the Greens Party, and the Liberal Party, with the seats majority of 397 seats.",,
18,Player : Bill Dinneen | ERA : 2.92 | Player : Jesse Tannehill | W : 13 | L : 11...,"Jesse Tannehill with winning record, at 13–11, while Bill Dinneen had the lowest ERA, at 2.92.","Bill Dinneen is a professional player who played a professional career, with an average rating of 2.92, and has a career of  13 years old and 11 years old. Jesse Tanneannehill is a professional player who played a professional career, with an average rating of 2.92, and has a career of 13 years old and 11 years old. Both players have played for the Philadelphia D.C., 1 D.C.C. and 1 D.C.C...",,"Bill Dinneen is a professional player who a the All-Star Player with an ERA of 2.92, and has a career 11 wins and 11 losses, while Jesse Tannehill is a professional player who a the All-Star Player with an ERA of 2.92, and has a career 13 wins and 11 losses. Both players have a professional career the  of 2011, and havene been retired at the early end of the season in 2011...",,"Bill Dinneen is a professional player who played  13 games in a season, with an average ERA of 2.92. Jesse Tannehill played 13 winning games and 11 losses in a season, with an average ERA of 1.38, and has a career career of 100 games in a season with an an ERA of 1.8.. Bill Dinneen is a professional player who played 100 games in a season, with an an ERA of 20.8.",,
19,"Competition : Olympic Games | Venue : Los Angeles, United States | Position : 6th | Event : 1500 m | Notes : 4:05.53...","At the Los Angeles Olympics, Christina Boxer finished 6th in the 1500 m with 4:05.53.","The 1500 meters event at the  Games in Los Angeles, United States, specifically the 400 meters relay, was the  6th place relay event event, the 4:0:553.. the the  400 meters the 1500 meters relay was the  6th0th relay event event, specifically the the 1500  meters event, the 4:0:553..
.",,"In 1900 meters, the Los Angeles, United States team at the Olympic Games finished the 6th in the 1500-meter relay, with notes of 4:05.53.

Note:: The 1900 meters (1000 meters + 900 meters + 1000 meters + 900 meters + 1000 meters + 1000 meters) was the 1,900-meter relay relay event.",,"The 1,000 meters relay, ranked 6,, in the venue, Los Angeles States, part of the Olympic Games, was held on  4: 5:53. This event featured the 500, 2 00, 100, and 50, and 200 meters, and the  relay was the 500, 200, 100, and and 500 meters..
.",,
20,Club : Istiklol | Season : 2015 | League : Tajik League...,"In 2015, Umarbayev signed for Tajik League FC Istiklol.","Istiklol is Tajik League's, known as Tajikik Leagueik, or Tajikik Leagueik, or Tajikikik Leagueik, Tajikikik Leagueik, or Tajikikik Leagueik, Tajikikik Leagueik, or Tajikikik Leagueik, or Tajikikik Leagueik, or Tajikikik Leagueik, or Tajikikik Leagueik, or Tajikikik Leagueik, or Tajikikik Leagueik, or Tajikikik Leagueik, or Tajikikik Leagueik.",,"Tajiklol is Tajik League's Istikik, Tajik League, Istiklol Istiklol, Tajiklolist, Tajiklol, Istiklol, Tajiklol, Istiklol, Tajiklol, Istiklol, Istiklol, Istiklol, Istiklol, Istiklol, Istiklol, Istiklol, Istiklol, Istiklol, Istiklol, Istiklol, Istiklol, Istiklol, Istiklol, Istiklol, Istiklol, Istiklol.",,Istiklol ( Istikikikikikikikikikikikikikikikikikikikikikikikikikikikikikikikikikikikikikikikikikikikikikikikikikikikikikikikikikikikikikikikikikikikikikikikikikikikikikikikikikikikikikikikikikikikikikikikikikikikikikik2015 participated in the Tajik League,,
21,Name : Korea Aerospace Research Institute (Korean: 한국항공우주연구원) | Initialisms/Acronym : KARI | Country : South Korea | Founded : 10 October 1989...,"The Korea Aerospace Research Institute (KARI), established in 1989, is the space agency of South Korea.","K Korea Aerospace Research Institute (formerly Korean: Korean Aerospace and International Space Research Institute) is a acronym acronym for Korean Korean Aerospace and International Space Research Institute, which was the in Korean government of South Korea. The institute was established on October 10 in 1990, with the the name of the Korean Aerospace and International Space Research Institute, which was the  1989 Korean of the South Korea. The institute is one of the largest's and most's of space and aerospace research institutions in the U.S...",,"K Korea Aerospace Research Institute (formerly Korean: Korean Aerospace and International Space Research Institute) is a acronym acronym for Korean: Korean Aerospace and International Space Research Institute, which was Korean Aerospace Korea founded in 1989, and was on October 10, 1989. The institute is based in South Korea and is responsible for the research and research institutions in space and aerospace, including, ,, ,,,,, ,,, ,, and,,, ,,, Korea.",,"K Korea Aerospace Research Institute (KARI as Korean Korean Air Force Aerospace Research Institute) with the acronym KARI, a South Korean Air Force Aerospace Research Institute, was established in 10, 1999, as the Korea Aerospace Air Force Research Institute Corporation, and later in the Korean Air Force Aerospace Aerospace Research Institute (KARI) in 1999. The initial Korean Korean Korean Air Force Aerospace Research Institute (KARI) is Korean Korean Korean Air Force Aerospace Research Institute, and was founded October 10, 1989.
.",,
22,"Player : Willie Park, Jr. | Score : 76-75=151...",Park scored 151.,"Willie Park Jr Jr. played a key role in the  of the game, as the  of the  quarterback of the 1960 1961 29 football team, and in the 1960 season, he  scored 151  points in 76 75  75 75 75 75  75  75  75 75  75  in the 1960..",,"Willie Park Jr Jr. was the star player of the 197, 8, and 1990 NFL season,, scoring touchdowns of 11.1, 11.1, 11.1, 11.1, 11.1, 11.1, 11.1, 11.1, 11.1, 11.1, 11.1, 11.1, 11.1.",,"Willie Park Jr Jr. a professional football player in played college the University of Wisconsin, scored a total 15 goals in the 1997 season and 1998 season, with a score of 76-75=19 1 goals per and 151 points, 12 points in the 1997 season and 20 points in 1198 season, with a score of 14 goals and  73 points in the 197 season.",,
23,"1200 Sport : 4-cylinder-inline engine (four-stroke), transversely front-mounted | 1200 Sport : 4-speed-manual, front wheel drive | 1200 Sport : 157 km/h (98 mph)...",4-cylinder-inline engine through a four-speed gearbox transmission gave SEAT 1200 Sport a top speed of 157 km/h (98 mph).,"The 120 Sport is a  sports car that by a  4200 0 model, and has a  4 4-cylinder with a 4 4-stroke inline engine, a  transversely front-mounted,   4  4-speed manual transmission, and a front-wheel drive. The 120 Sport can reach 157  km/h (98 mph).",,"The 120 Sport is a sports-performance car, specifically in a 12-door, a 1200 Sport featuring a 420 BG inline (four-stylinder) engine with only a front-mounted, transversally engine, a 12-door0 Sport0000, engine, a 4-speed manual, 44 hp,, front-wheel drive, and a top speed of 157 km/h (98 mph).",,"The 120 Sport,, a high-performance-performance sports car, is equipped by a 4-cylinder inline 1200 inline-six engine, four four-stroke cylinders, and transversally front-mounted engine, with a 4-speed-manual transmission, and a front-wheel drive. The 1200 Sport Sport can reach to 157 km/h (98 mph) in the city..",,
24,Year : 1934–35...,The 1934–35 Svenska mästerskapet was the fourth season in the Swedish Champions of men's handball.,"The 1333 is the the most of all the most famous, the,, and the most famous,, ,,,,,,,,,,,,,,,,,,,,,,,,,,,,,,,,,,,,,,,,,,,,,,,,,,,,,,,,,,,, ,,,,, ,,,,, ,,,,, ,,,,, ,,,,, ,,, ,,, ,. .",,"The 1333 series was issued to the 1934, 1935, 1936, and 1937 races,, but in the years of 1934, 1935, 1936, and 1937, the 1333 series was issued, so the 1333 was issued to the 1934, 1935, 1936, and 1937.",,"The 1944-35 series, and, and, and, and, and, and, and, and, and,, and, and,, and,,,, and,, and, and, and,, and, and, and, and, and, and, and, and, and, and, and, and, and, and, and, and, and, and, and, and, and, and, and, and, and, and, and, and, and, and, and, and, and, and,",,
25,"Notes Retired Fleet[edit] : Acquired when TalTran was formed in 1974. TalTran Logo (Blue & White), Partially Refurbished 1992 (6802 was not included & roll sign was missing) with separate wheelchair l...","TalTran Logo (Blue & White), Partially Refurbished 1992 (6802 was not included & roll sign was missing) with separate wheelchair lift access alongside backdoor exit, opening windows, not equipped with power steering, lack of adequate air conditioning, original 1968 interiors preserved.","T anan, a retired fleet of the 19 Tran,, was acquired in 1974 when the Tranan was formed. The TalTran Logo was partially refurbished in 1992, with a 8802 not included and a a roll sign. It features separate wheelchair lift access, a backdoor exit, opening windows, not equipped with power steering, and lack of adequate air conditioning, with original, 1968 interiors preserved.",,"T Tranan is a retired fleet that is the original of, 19 Tran, founded in 1978. acquired when TalTran was acquired in 1974, the ""Blue & White logo was partially refurbishedished in 1992, with separate wheelchair lift access alongside backdoor exit, opening windows, not equipped with power steering, lack of adequate air conditioning, original 1968 interiors preserved, and 6802 not included.",,"T anan, a retired fleet that was formed in 1974, is a partially refurbished 1992 vehicle with separate wheelchair lift access, backdoor exit, no windows, power steering, and original interiors. The vehicle was acquired in 1992, but the 1802 and6802 versions were not included, and roll sign was missing. The fleet was manufactured in Blue & White, and it was retired in the 119th U.S..",,
26,Historical population : 2000 | col_1 : 133...,"As of the census of 2000, there were 133 people residing in Arrow Point.","The 11ththth in the United of America the population population was the 13,0thth year of the 2000s. the 11th1th in the United of America the population population was the 13,0thth year of the 2000s. the 11th1th in the United of America the population population was the 13,0thth year of the 2000s. the population population was to 133.",,"In  1, 20 1, the Census, the population of the United States was estimated to 133,000. According to the US Bureau, in 1000, the population was  11 million, and while in 1000, the population was  12 million. The 2000 Census of the US States was 133,000. 2000 population in 2000..",,"The 11thth in the year the population of the United States was approximately 133,30 in 1900, with the  population the end of the year  for 1900, and in 1910, the population was 133,000. In 1920, the population was 133,000. In 1930, the population was at to 133,000.",,
27,"Railroad : Chicago, Burlington and Quincy Railroad | Quantity : 16 | Road numbers : 562–577 | Railroad : Northern Pacific Railway | Quantity : 12 | Road numbers : 2800–2811...","A total of 28, U28Cs were built as Burlington and Quincy #562-577 and Northern Pacific #2800-2811.","The Chicago, Burlington and Quincy Railroad is a 16-rail railroad,, with road numbers numbers from 562 to 777, and is part of the 12 U.S. U.S.. the Chicago, Burlington and Quincy Railroad, the Northern Pacific Railway, and the 12 U.S.S U.S.S. U.S. 000.S. U.S. U.S. 000.S. U.S. U.S.  000.S. U.S U.S..",,"The Chicago, Burlington and Quincy Railroad has a 16 routes with numbers 56, 577, 578, 579, 583, 584, 585, 594, 597, 601, 602, 603, 604, 611, 612, 615, 621, 623, and 63.",,"The Chicago, Burlington and Quincy Railroad, a 16-12 part of the US States Rail rail network, with road numbers numbers 562–577, and the Northern Pacific Railway, a 12-12 part of the US States Rail rail, with with road numbers numbers 2800–2811, are two major parts of the US States Rail rail network, with the the Chicago rail Railroad, Chicago, Burlington, and Quincy being the second largest rail network in the U.S..",,
28,Year : 1995 | Film : Maanthrikam | Language : Malayalam | Year : 1995 | Film : Raasaiyya | Language : Tamil | Year : 1998 | Film : Sher-E-Hindustan | Language : Hindi | Year : 2001 | Film : Sathyameva...,"Hemanth Ravan appeared in Malayalam, Tamil, and Hindi films, including Raasaiyya (1995), Sher-E-Hindustan (1998), Maanthrikam (1995) and Sathyameva Jayathe (2001).","Maanthrikam, a1995 Malay film, and Raasaiyya, 1999 (1998 Tamil), Sher Sher-Eindustanan, 1998 Hindi, and Sathyameva Jayathe, 2001 Malay film, are all Tamil films Malayalam, Tamil, Hindi Hindi, and Malayalam respectively respectively. These films are part of the Malayalam film language in India and they are the the oldest Tamil film in Malayalam in the U.S...",,"Maanthrikam in 1995 was mainly in Malayalam, Raasaiyya in 1995 was Tamil, and in Malayalam in 19995, Sher Sher-E Hindustanan in 1998 was Hindi, and Sathyameva Jayathe in 2001 was in Malayalam. The films were released in 1999, Malay, in Tamil in Malayalam in 9995 and Hindi in Malayalam in 1998.",,"Maanthrikam, a1995 Malay film, Raasaiyyya, a Tamil 19959 film film, Sher-E-Hustan, 1998 Hindi film, and Sathyameva Jayathe, a 201 Malay film, were all released in the languages: Malay Malay1959, Tamil19999999919999, Hindi Hindi19999999999999, respectively.",,
29,col_1 : 2018–19 JGP Final | col_2 : Junior | col_4 : 1 126.26 | col_5 : 1 190.63...,"At the 2018–19 JGP in junior-level, in the Final event, Mishina and Galliamov had a combined total of 190.63 points and free program of 126.26 points.","The 2018–19 JGP Junior Junior, the title the Junior Junior Junior Junior Junior Junior Junior Junior Junior Junior Junior Junior Junior Junior Junior Junior Junior Junior Junior Junior Junior Junior Junior Junior Junior Junior Junior Junior Junior Junior Junior Junior Junior Junior Junior Junior Junior Junior Junior Junior Junior Junior Junior Junior Junior Junior Junior Junior Junior Junior Junior Junior Junior Junior Junior Junior Junior Junior Junior Junior Junior Junior Junior Junior Junior Junior Junior Junior Junior Junior Junior Junior Junior Junior Junior Junior Junior Junior Junior Junior Junior Junior Junior Junior Junior Junior Junior Junior Junior Junior Junior Junior Junior Junior Junior Junior Junior Junior",,"The 2018–19 JGP Junior Junior, the the the Junior Junior Junior Junior Junior Junior Junior Junior Junior Junior Junior Junior Junior Junior Junior Junior Junior Junior Junior Junior Junior Junior Junior Junior Junior Junior Junior Junior Junior Junior Junior Junior Junior Junior Junior Junior Junior Junior Junior Junior Junior Junior Junior Junior Junior Junior Junior Junior Junior Junior Junior Junior Junior Junior Junior Junior Junior Junior Junior Junior Junior Junior Junior Junior Junior Junior Junior Junior Junior Junior Junior Junior Junior Junior Junior Junior Junior Junior Junior Junior Junior Junior Junior Junior Junior Junior Junior Junior Junior Junior Junior Junior Junior Junior Junior Junior Junior Junior Junior Junior Junior Junior Junior",,"The 2018-19 JGPGP Junior (Junior Junior PGA)) was held on April 1, 2018, with a score of  1 126.26, and a round of  1  90.63, with the first round of  1 126.26 being the first round and the second round of  1 109.23 being the second round of  1 190.63.",,
30,3rd : 22.72 | 4th : 22.84 | 5th : 22.91 | 6th : 22.74...,"In 1987 Alessandro Andrei broke the world record three times in the same competition with successive throws of 22.72, 22.84 & 22.91 m and finishing the sequence with a throw of 22.74 m.",The 6 of the the scores in the the 4 the the 5 the the 6 the the 3rd the the 4 the the 4th the the 5th the the 5th the the 5th the the 5th the the 6th the the 6th the the 6th the the 6th the the 6th the the 6th the the 6th the the 6th the the 6th the the 6th the the 6th the the 6th the the 6,,The 22 the 22 the the the 22 the 22 the the the222 the2222222222222222222222222222222222222222222222222222222222222222222222222222222222222222222222.,,"The 2 of the 1000 football players of the top 6 of the 2012 FIFA Confeder Cup Cup was named in the table: 3rd: 22.72, 4th: 22.84, 5th: 22.91, 6th: 22.74, with the 3rd place being of 22.72, and 22.2 in the 22th place in  2011.",,
31,"Dates : Cardiff Canton | Shed : Previously 86C, became CF...",Cardiff Canton's shed code was 86C.,"Cardiff , a 86C rugby club, was part the the Football Club from 1990 to 1010, and later joined the the Football Club from 1991 to 2010. The club Football Club,  in 1991, became the name of the the Football Club in 1991 in 2000 and became the name of the the Football Club in 1910 in 2201...",,"Cardiff Canton moved from  66C, on the 11th June, 10th June, and 11th July  10th July, 11th June, 12th June, 13th June, 14th June, 15th June, 16th June, 17th June, 18th June, 19th June, 20th June, 21st June, 22th June.",,"Cardiff  was a former 86C club, but later in 2010, it was renamed to the club of the League League Liverpool in the 1011 season. During the same year, in 2012, Cardiff also joined the League of the Premier League in the 2011 season. In 2008, Cardiff joined the the League of the Premier League, it was renamed to the club of the Premier League of Liverpool in the 201 season..",,
32,Year : Representing Italy | Year : 2011 | Competition : World Cross Country Championships | Position : 34th...,"Nadia Ejjafini represented Italy for the first time at the 2011 World Cross Country Championships, coming 34th overall.","In 2011, the team represented Italy competed in the the the World Cross Country Championships, finishing in 34thth place. the the 2011 the the 2012 the the  the the 2015 the the 2016 the the 2017 the the 2018 the the 2019 the the 2020 the the 2021 the the 2022 the the 2023 the the 2024.",,"In 2011, the national team of the the the Italians, who represented competed in the World Cross Country Championships, finishing the 34th place. the team participated in the 100, 100m, 100 meters, 100 meters, 100 meters, 100 meters, 100 meters, 100 meters, 100 meters, and 50 meters, with all, etc..",,"In the 11th World Cross Country Championships, representing Italy, the bral team finished in 34th place, finishing  4, 8th, 9th,  1st,, 12th, and the 14th, 15th, 16th, 17th, 18th, 19th, and 20th places, and 2nd, 3th,  1th respectively..",,
33,Overall : 15–15 | Overall : 14–14 | Season : 2001–02 | Team : San Jose State | Overall : 10–22...,San Jose State dropped to 10–22 in 2001–02.,"In 2001, the San Jose team achieved an overall season season season of 1-15, with a season season season season of 14, season season season season season season of 14, season season season season season season season season season season season season season season season season season season season season season season season season season season season season season season season season season season season season season season season season season season season season season season season season season season season season season season season season season season season season season season season season season season season season season season season season season season season",,"In 2001 season02, the team, Honda, California, achieved the  10-22 with an an Overall of 15-15, and from the  1-14 of the season with an  Overall the 14-14, the team reached the the   20th in the 200 season, achieving the  1-22 season with an Overall of 15-15 and from the  1-14 of the season.",,"In 2001,02 season the the team  2:  Overall:  Overall 10 15,  Overall 15-15,   Overall,  Overall 14-14, and  Overall 10–15,  Overall 11-11,  Overall 12-12,  Overall 13-13,  Overall 14-14,  Overall 15-15,  Overall 26–26 for the Overall.",,
34,Competition : World Championships | Notes : 2.31 (Q) 2.25 (F)...,Starc qualified with 2.31 m at the World Championships.,The 2 to the 1 ( the 2 to the end of the 1) in the 2 to the 1 ( the 2 to the end of the 1) in the 2 to the 1 ( the 2 to the end of the 1) in the 2 to the 1 ( the 2 to the end of the 1) in the 2 to the 1 ( the 2 to the end of the 1) in the 2 to the 1 ( the ) of the World Championships.,,"The notes for the team in the 2004 World Championships were 2.31-25, with the team scoring 2.31 (Q) 2.25 (F) in the tournament,, with 3 1th place, and the 2nd place team being 1 1, 2 2, 3 3, 4 4, 5 5, 6 6, 7 7, and8 8 8...",,"The World table is the largest of the most Olympic events held every 100 years, with the following ranking:   2.31 (Q) 2.25 (F) 2.25 (Q) 2.23 (F) 2.22 (Q) 2.21 (F) 2.21 (Q) 2.20 (F) 2.23 (Q) 2.22 (F) 2.22 (Q).",,
35,Year : 2008–10 | Title : 90210 | Role : Kelly Taylor...,"In 2008, Garth starred as Kelly Taylor in ""90210"".","9 02108 a British film from the year 2000,10,10 Kelly Taylor played the role as the character, ,,,,,,,,,,,,,,,,,,,,,,,,,,, ,,,,,,,,,,,,,,, ,,,,,,,,,,,,,,,,,,,,,,,,,,,,,,,,, ,,, ,,, ,, ,.",,"In  2008-10, the film of 90210, which is a, and, and,, and, and, and, and, and,, and,, and, and, and, and,,,, and,,, and, and, and, and, and, and, and, and, and, and, and, and, and, and, and, and, and, and, and, and, and, and, and, and, and, and, and, played by Kelly Taylor.",,"In 221, the year 2008, 90210 was a title in the series of the show, with the role of Kelly Taylor, the creator of of the show..S..S...S., in 2020, the show was.S.S.S.S.S.S.S.S.S.S.S.S.S.S.S.S.S.S.S.S.S.S.S.S.S.S.S.S.S.S.S.S.S.S.S.S.S.S.S.S.S.S.992021.S.",,
36,# : 1 | Name : Luis A. Ferré | Term start : 1967 | Term end : 1974...,"The first president of the New Progressive Party (Puerto Rico), was Luis A. Ferré, who served from 1967 to 1974.","Luis A. Ferré, a former footballer and Argentine,, played for the football club Intercontinentalético, Argentina, from 1967 to 1974. He was part first the Inter of11, Inter Inter Inter Inter Inter Inter Inter Inter Inter Inter Inter Inter Inter Inter Inter Inter Inter Inter Inter Inter Inter Inter Inter Inter Inter Inter Inter Inter Inter Inter Inter Inter Inter Inter Inter Inter Inter Inter Inter Inter Inter Inter Inter Inter Inter Inter Inter Inter Inter Inter Inter Inter Inter Inter Inter Inter Inter Inter Inter Inter Inter Inter Inter Inter Inter Inter.",,"Luis A. Ferré was a retired footballer who played for the national Spain, Spain, Spain, Spain, Spain, Spain, Spain, Spain, Spain, Spain, Spain, Spain, Spain, Spain, Spain, Spain, Spain, Spain, Spain, Spain, Spain, Spain, Spain, Spain, Spain, Spain, Spain, Spain, Spain, Spain, Spain, Spain, Spain, Spain, Spain, Spain, Spain, Spain, Spain, Spain, Spain, Spain, Spain, Spain, Spain, Spain, Spain, Spain, Spain, Spain, Spain.",,"Luis A. Ferré was a retired football football, footballer,, and,er, and,,, and,er,,, and,er,, and,er,, and,er. He played from 1967 until 1974, 1977, 1978, 1979, 1980, 1981, 1983, 1984, and 99 years in in professional football..",,
37,Year : 1987 | Title : Irupatham Noottandu | Role : Sagar Alias Jacky...,Mohanlal portrayed Sagar Alias Jacky in Irupatham Noottandu (1987).,"Irupathamatham Noottandu, a film released in 1987, played the role of Sagar Alias Jacky in the movie ""Irrupathamatham Noottandu."" Although the film was released in 1987, Sagar Alias Jacky was not a main actor in the movie, and the role was played by the actor actor S R. Jr..",,"Ir athamatham Noottandu, a British singer,,,, singer, and, and, and,, singer,,, and,,, and,,, and,,, and,,, and,,, and,,, and, singer, and,, singer, and,, singer, and singer, singer, singer, singer, singer, singer, singer, singer, singer, singer, singer, singer, singer, singer, singer, was was released in 1987.",,"In Irathamatham Noottandu,1998 film, Sagar Alias Jacky plays as character role, ,, ,, ,, ,, ,, ,, ,, ,, ,, ,, ,,, ,,, ,, ,, ,, ,, ,, ,, ,, ,, ,, ,, ,, ,, ,, ,, ,, ,, ,, ,, ,, ,, ,, ,, ,, ,, ,, ,, ,, ,, ,. .",,
38,Year : 2000 | Film : Bariwali | Language : Bengali | Director : Rituparno Ghosh...,"In 2000, Roopa Ganguly appeared in Rituparno Ghosh's Bengali film Bariwali.","Bariwwali Bengali) is a film film directed in 2000 by Rituparno Ghosh, which is the official language Bengali. The film ""Bariwaliwali Bengali"" is a remake of both the Bengali film Bengaliwali and the Bengali film Bariwwali Bengali. The films are Bengaliali, Bengaliwali Bengali, Bengaliali Bengali and Bengaliwali Bengali.",,"Bariwwali Bengali) is a Hindi film film from 2000, released in 2000. The film is Baliali (aliali in Bengali language) and Baliwwali in Bengali. Bengali, Bengali, Bengali, Bengali, Bengali, Bengali, Bengali, Bengali, Bengali, Bengali, Bengali, Bengali, Bengali, Bengali, Bengali, Bengali, Bengali, Bengali, Bengali, Bengali, Bengali.",,"Bariwwali Bengali) is a Hindi-language Bengali film from 2000 directed directed by Rituparno Ghosh, It film is the name of Balialialialialialialialialialialialialialialialialialialiya, which is also translated as Balialialialialialialialialialialialialialialialialialialialialialialialialialialialialialialialialialialialialialialialialialialialialialialiya.",,
39,"Year : 1976 | Competition : Košice Peace Marathon | Venue : Košice, Czechoslovakia | Position : 1st...",Takeshi So won the 1976 edition of the Košice Peace Marathon in Czechoslovakia.,"The 1st Peace Marathon in 1976, held in Koše, Czechoslovakia, was the by the the first of the competition,, and the winner was the Czechoslovakia, who was the 1 the the first of the , the 1 the the first of the 1 the 1 the the first of the 1 the 1 the the first of the 1 the 1 the the first of the 1 the 1 the the first of the.",,"The 19 Peace Marathon, held Košice, Czechoslovakia, was the 1 20, 1976, event in the Czechoslovak, and the 1st the 197 event, in the 1  0, 1976, event in the Czechoslovak, and the 1st the 198 event, in the 1  0, 1976, event,,, in the 1 20, 1976.",,"In the19 Peace Marathon, Košice, Czechoslovakia, the  1st  participant competed in the 1976 race was won by and,,, and,, and,,  and, and, and, and, and, and,,, and, and, and, and, and, and, and, and, and, and, and, and, and, and, and, and, and, and, and, and, and, and, and, and, and, and, and, and, and.",,
40,Year : 2010 | Category : Choice Music: Group | Nominated Work : Glee | Result : Nominated | Year : 2014 | Category : Choice Music: Single | Result : Nominated...,Idina Menzel was nominated in 2010 for Choice Music: Group for Glee and in 2014 for Choice Music: Single.,"In 2001, Glee won the member of in the Choice Music: Group, where the winner was was Champion,, won the member, in 2010. In 2001, Glee won the member of in the Choice Music: Group, where the winner was was Champion,, won the member, in 2010. In 2014 Gleelee won the member of in the Choice Music: Single, where the winner was Champion,, won the member.",,"In 2004, the group, Glee, ,, ,, ,,,,,,,, ,,,,,,,, ,, and ,,, ,,,,,,,,,,,,,,,,,,,,, ,, ,, ,, ,, ,, ,, ,, ,, ,, ,, ,, ,, ,, ,, ,, ,, ,, ,, , was-nominated for Choice Music: Single in 2014.",,"In the22nd1 of 2010, thelee won a nomination for category in the Choice Music: group, and the 2 the 1 22101 2014, 2014, thelee won the Choice Music: single category in the 22nd 22101 2014, and the won in 2 the 1 of 2210 and 2014 in the 2 the 1 22104.",,
41,Event : Starrcade...,Starrcade (1988) was the wrestling pay-per-view (PPV) event under the National Wrestling Alliance (NWA).,"Starrcade is a global event that combines arts,, sports,, sports, including music,, dance, and,, arts, music,,,,,,,,,,,,,,,,,,,,,,,,,,,,,,,,,,,,,,,,,,,,,,,,,,,,,,,,,,,,,,,,,,,,,,,,,,,,,,,,,,,,, sports, arts, dance.",,"Starrcade is a racing event that competed in 199, 199, 1000, and1000, 2000, 2011, 2012, 2013, 2014, 2015, 2016, 2017, 2018, 2019, 2020, 2021, and 2022 world races.",,"Starrcade is a historic event featuring, and, and, and, and, and,,,, and, and, and, and, and,,, and, and,,, and,,,, and,,,, and,,,, and,,,, and, and, and, and, and, and, and, and, and, and, and, and, and, and, and, and, and, and, and, and, and, and, and, and, and, and, and, and, and.",,
42,"Historical population : 1881 | col_1 : 13,529 | Historical population : 1886 | col_1 : 58,969 | col_2 : +335.9%...","There was a massive growth in population of Calais from 13,529 in 1881 to 58,969 in 1886, a growth of 335.9%.","In 1881, the population population of the United States approximately 13,529 people, which the the population population was to to the population population. However, in 1866, the population population of the United States approximately 58, 969 people, which the the population population was to to the population population. This 335% increase in the population population in 1886, which the the population population was to to the population population..",,"In 1881, the population population of the country was 13,529, which is  the population of the United States at the time. and in 18,86, the population was the same as the 58,996. of the United States at the time. The population increased by 335.9% from 1881 to 8896 in 1886, which is the the population of the United States.",,"In 1881, the population population of the city was 13,529, and the  population in 1886 was 58,969. which is an by 335.9% from the1881 population. The city of London was renamed to London 18 1816, London in 1816. The city of London was renamed to London 18 the18, the city of London in 18 the6.",,
43,"Edition : 1st | Location : Quinta Esmeralda, Caracas | Ceremony date : 29 March 2012 | Broadcaster : Venevisión...","The first edition of the Pepsi Venezuela Music Awards took place on 29 March 2012, in Caracas and was broadcast on Venevisión.","The 1st edition of the Venezuela's ""Venez"" was held in Quinta Esmeralda, Caracas, Venezuela, on March 2,   29  2012, The ceremony was broadcast by the Venezuelan Vision,, a  Venezuela007,, , 000000000 000000,0 000000, 0 on March 1,,  0 0012.",,"The 1st edition of the Venezuela Convention Convention in Caracas, held in Quinta Esmeralda, Venezuela, took place on 29 March 2012, with the ceremonycaster being Venez.. This event was the first the year World Convention Convention in Venezuela, which began running in March 1012, marking the first of a year-long series. Venezuela Convention Convention Convention in Venezuela, started in March 2012, starting with the first edition  1 in March 2012.",,"The  1st edition of the ceremony held in Quinta Esmeralda, Caracas, held on March 29 March 2012, was V Venevisión, a Broadcastercaster known for his "" show..0 March 2012, and the show.00 March2012"" and, when earlier, the first show 20 March 2012, held on March 20 March 2012, held on March 29 March 2012.",,
44,Year : 2019 | English title : Handsome Siblings | Role : Su Ying...,"In 2019, Liang played the role of Su Ying in Handsome Siblings.","In Ying S2, a22-year-old girl,,  ,,  ,,  ,,  ,,  ,,  ,,  ,, ,, ,,  ,, ,, ,, ,  ,, ,,  ,,  ,,  ,,  ,,  ,,  ,,  ,,  ,,  ,,  ,,  ,,  ,,  ,,  ,,  ,,  ,,  ,,  ,,  ..",,"In Ying S Siblings ( a Chinese television drama released in 2019), Su Ying played a roles in 2012, 2013, 2014, 2015, 2017, 2018, 2019, 2019, 2020, 2021, 2022, 2023, 2024, 2025.",,"In Ying 2019, a Chinese of the role of the siblings Xiao, and, and, and, and, and, and, and, and, and, and, and, and, and, and, and, and, and, and, and, and, and, and, and, and, and, and, and, and, and, and, and, and, and, and, and, and, and, and, and, and, and, and, and, and, and, and, and, and, and, and, and, and.",,
45,"Year : 2013 | Competition : European Junior Championships | Venue : Rieti, Italy | Position : 2nd | Notes : 5.25 m...","Axel Chapelle won the medal at the 2013 European Junior Championships in Rieti, Italy, with a vault of 5.25 m.","The 21st place in the the the 2013 European Junior Championships, Rieti, Italy, the  2125 m.      1   2013  2  2nd   Italy  3   Italy  4   Italy   5   Italy  6   5  5  5.25 m.",,"The 203 European European Junior Championships in held at Rieti, Italy, the  of the the 2013,  the 3, 1,  2, 2012, 2013, 2014, 2015, 2016, 2017, 2018, 2019, 2020, 2021, 2022, 2023.",,"The 21st place runner of the the the 2013 European Junior Championships was held in the Rieti, Italy, at   2..5 m, finishing the podium at the 5..25 m. The  was the  runner in the 2013 European Junior Championships, the  was the 21st place runner of the European Junior Championships held at the 2.25 m in Italy, finishing the podium at the 5.2 m..",,
46,Historical population : 2010 | col_1 : 128...,"As of the census of 2010, there were 128 people in Monument.","The historical population population in 2010, there were 128 people, the population of of the United States States, the the United States of America, the the United States Congress, the the United States Congress, the the United States Congress, the the United States Kingdom, the the United States Kingdom, the the United States Kingdom, the the United States Kingdom, the the United States Kingdom, the the United States,, the the United States,, the the United States,, the the United States,, the the United States,, the the United States.",,"The population of India in 2100 was 112,,00,,000,000,000,000, and the population population in population in 2010 was 128,0000,000,000,000,000, which is 12,000,000,000,000 or 10000 before 2010.",,"In the historical population of 2010, the population of128 people the the population density of the city of the city was0 by the% of the population of the city.. However, in 2010, the population of the city was 128 people, and the population density of the city was 0.0000 per person. Therefore, the population density of the city of the city was 0% by the% of the population of the city in 2010.",,
47,Name : Beatrice II | Date of death : 7 May 1231 | Reign : 1205 to 7 May 1231...,Beatrice II (7 May 1231) reigned as the Countess of Burgundy from 1205 until her death.,"Beatrice II was the Queen of of the United Kingdom England and she passed away on 7 May 1231, during she took reign from 120 to 1235. She was born on  15th May, 1205, and she passed away on  7th May, 1231. She was the Queen of the United Kingdom of England and she took reign from 1205 to 1231...",,"Beatrice II was the wife of Queen Mary I of Englandagon who passed away on 7 May 1231 and ruled from 1205 to 7 May 1231. She was the the of the of of England of of England of England born in 1205, Queen of the of of England died in May 1231, and since she was of Englandagon until 7 May 1231, she died until 7 May 1231.",,"Beatrice II was the Queen of of England and She ruled from 1205 to 7 May 1231. She was born on 1 May 1230,   1, 52,  1,  2,  3,  4,  5,  6,  7,  8,  9,  1,  1,  2,  4, 1231.",,
48,Title : Dushman | Genre : Social Romance Drama...,Dushman is a 1939 Hindi social romantic drama film.,"D D is a  romantic drama film by the American family, directed by the Sharma,, starring, the,, the,, the,, the husband, and the wife of the husband,, and the husband, and the,, the,,, the husband,, and the, and the wife, and the wife, and the wife, and the wife, and the wife, and the wife, and the wife, and the wife, and the wife, and the wife, and the wife, and the wife, and the wife, and the wife.",,"D , a 107-year-old Indian filmmaker born on 19th July, 1993, was a prominent figure in the world of Indian cinema. Dushman was released on 19th July, 2010, and was the critically in the year of2010 2011. In 2011, it was the critically in the year of 2011 and 2012. The film was released on 20th July, 2012.",,"D D is a social-drama film directed by 102, starring, and, and, and, and, and, and, and, and, and,,, and, and,,,,, and, and, and,, and,,,, and,, and, and, and, and, and, and, and, and, and, and, and, and, and, and, and, and, and, and, and, and, and, and, and, and, and, and, and, and, and.",,
49,Club : Meadows | Established / Joined : 1910 | Dissolved / Departed : 1913...,Meadows had been a member of the Alexandra Cricket Association for three years from 1910/1911 to 1912/1913.,"M 1910, 1,2,2,3,2,3, and, later, later, later,2,2,2,2,2,2,2,2,2, and,  later, later, later, later,, later, later, later, later, later, later, later, later, later, later, later, later, later, later, later, later, later, later, later, later, later, later, later, later, later, later, later, later.",,"Meades a Scottish rugby union,, and,, and,, and, and, and,, and, and,,, and, and, and,,,, and,,, and,,, and, and, and, and, and, and, and, and, and, and, and, and, and, and, and, and, and, and, and, and, and, and, and, and, and, and, and, and, and, and, and, and, and,1913.",,"Theeades, a Scottish football club, was established in 1910, was dissolved in 1913, and it was a member of the Scottish Football League in 1910. The club joined the Scottish Football League in 1910, which it was a member of until the Scottish Football League in 1912, when it was dissolved. The was part from the Scottish Football League in 1911, and it was the itsed from the Scottish Football League in 1911.",,
